{
  "project_info": {
    "project_number": "784994479095",
    "project_id": "talentofy-d3b8f",
    "storage_bucket": "talentofy-d3b8f.appspot.com"
  },
  "client": [
    {
      "client_info": {
        "mobilesdk_app_id": "1:784994479095:android:4edaa835f780fc09a51cf2",
        "android_client_info": {
          "package_name": "com.onlyweb.talentofy"
        }
      },
      "oauth_client": [],
      "api_key": [
        {
          "current_key": "AIzaSyB8KugaqD_-3uoQUir5Cn9gt6EnR4yAoOU"
        }
      ],
      "services": {
        "appinvite_service": {
          "other_platform_oauth_client": []
        }
      }
    }
  ],
  "configuration_version": "1"
}